﻿{
/*
    A template to create a public IP address with a guid as a dns label.
*/
    "$schema": "http://schema.management.azure.com/schemas/2014-04-01-preview/deploymentTemplate.json#",
    "contentVersion": "1.0.0.0",
    "parameters": {
        "Location": {
            "type": "string",
            "defaultValue": "east us"
        }
    },
    "scripts": {
        "beforeResourceEval": [
            {
                "uri": "guid.js"
            }
        ]
    },

    "resources": [
        /*Create a public IP with a dnsname lable for our HeadNode LB*/
        {
            "apiVersion": "2014-12-01-preview",
            "type": "Microsoft.Network/publicIPAddresses",
            "name": "randomIp",
            "location": "[parameters('Location')]",
            "properties": {
                "publicIPAllocationMethod": "Dynamic",
                "dnsSettings": {
                    "domainNameLabel": "[generateUUID()]"
                }
            }
        }
    ]
}
